ch1,ch2,ch3,ch4,ch5,ch6,ch7,ch8,class
-3.00193e-05,8.79462e-06,-8.18397e-06,4.39015e-06,1.94652e-05,-6.52198e-06,1.40084e-05,-1.53223e-06,0
-3.00951e-05,4.85103e-06,-7.16664e-06,4.63229e-06,1.6249e-05,-7.5258e-06,1.06458e-05,-2.36122e-06,0
-2.88936e-05,3.02222e-06,-6.93804e-06,6.60906e-06,1.51882e-05,-9.66762e-06,1.08657e-05,-5.35167e-07,0
-2.64918e-05,3.74019e-06,-8.38767e-06,7.3415e-06,1.54045e-05,-1.00817e-05,1.5644e-05,1.84916e-06,0
-2.55788e-05,5.18843e-06,-8.39606e-06,5.25225e-07,1.56698e-05,-7.88924e-06,2.00045e-05,1.18047e-06,0
-2.70743e-05,5.92656e-06,-6.56387e-06,-1.29684e-05,1.66245e-05,-6.24537e-06,1.94561e-05,-2.32507e-07,0
-2.90094e-05,6.21696e-06,-5.56075e-06,-2.22479e-05,1.69925e-05,-8.73212e-06,1.36846e-05,4.27555e-07,0
-3.00343e-05,6.66253e-06,-5.53341e-06,-1.47749e-05,1.60635e-05,-1.16387e-05,7.46722e-06,1.00489e-06,0
-3.06484e-05,4.67639e-06,-5.69055e-06,7.87831e-06,1.48126e-05,-1.1392e-05,4.62787e-06,5.5831e-07,0
-3.14559e-05,-6.99159e-07,-6.95201e-06,3.22965e-05,1.37739e-05,-8.94284e-06,2.81563e-06,-1.45041e-06,0
-3.22926e-05,-5.67903e-06,-7.55944e-06,4.32587e-05,1.13538e-05,-6.14644e-06,3.33113e-06,-2.42962e-06,0
-3.34608e-05,-5.95573e-06,-6.10706e-06,4.16511e-05,9.25313e-06,-6.51158e-06,6.38232e-06,-1.08872e-06,0
-3.41026e-05,-2.34038e-06,-5.91245e-06,3.89866e-05,1.01439e-05,-9.04844e-06,7.63215e-06,-4.90881e-08,0
-3.25039e-05,6.97028e-07,-8.11357e-06,3.59221e-05,1.19135e-05,-1.03906e-05,7.9563e-06,-6.74847e-07,0
-3.09359e-05,2.44431e-06,-1.06596e-05,3.31464e-05,1.29553e-05,-1.01285e-05,6.06439e-06,-2.95739e-06,0
-3.08619e-05,2.90848e-06,-1.10828e-05,2.75788e-05,1.23571e-05,-8.46457e-06,3.50506e-06,-3.53832e-06,0
-3.07638e-05,1.79558e-06,-1.00291e-05,1.97315e-05,1.00838e-05,-6.18477e-06,2.9544e-06,-1.70168e-06,0
-3.1106e-05,9.15852e-07,-9.54632e-06,1.11855e-05,1.0144e-05,-5.8966e-06,4.17813e-06,1.70886e-06,0
-3.05059e-05,1.0549e-06,-1.05802e-05,5.16665e-06,1.03116e-05,-7.65213e-06,6.96287e-06,2.13257e-06,0
-2.82482e-05,1.68048e-06,-1.19101e-05,4.91854e-06,6.65671e-06,-8.74605e-06,9.11759e-06,7.45876e-07,0
-2.70202e-05,2.94112e-06,-1.20566e-05,7.92948e-06,1.92002e-06,-9.05397e-06,9.34198e-06,5.05357e-08,0
-2.73312e-05,5.51438e-06,-1.19431e-05,1.2175e-05,-4.83509e-07,-9.54441e-06,1.05412e-05,-9.08068e-07,0
-2.79038e-05,1.0482e-05,-1.23198e-05,1.6575e-05,5.56142e-07,-1.04618e-05,1.50922e-05,-2.3267e-06,0
-2.85262e-05,1.57099e-05,-1.28654e-05,2.07866e-05,1.62481e-06,-1.19612e-05,1.923e-05,-2.87313e-06,0
-2.98072e-05,1.77249e-05,-1.2331e-05,1.86382e-05,1.29364e-06,-1.34181e-05,1.99381e-05,-1.39543e-06,0
-3.15465e-05,1.55791e-05,-1.15127e-05,7.91955e-06,4.07353e-07,-1.41504e-05,1.71299e-05,-4.14439e-07,0
-3.21861e-05,1.12158e-05,-1.12291e-05,-7.12896e-06,1.46288e-08,-1.39082e-05,1.30525e-05,-4.16618e-07,0
-3.14065e-05,8.01197e-06,-1.12121e-05,-1.98958e-05,-5.25789e-07,-1.2759e-05,9.92862e-06,-7.33765e-07,0
-3.03199e-05,7.24952e-06,-1.13668e-05,-2.87989e-05,-9.8657e-07,-1.16719e-05,8.362e-06,-4.66626e-07,0
-2.99778e-05,8.24548e-06,-1.20733e-05,-3.23013e-05,-1.1425e-08,-1.18354e-05,8.14458e-06,-1.07268e-06,0
-3.03349e-05,1.03039e-05,-1.19501e-05,-3.25026e-05,2.45719e-06,-1.23997e-05,9.81608e-06,-2.11921e-06,0
-3.03422e-05,1.27834e-05,-1.12927e-05,-3.48233e-05,4.97165e-06,-1.21597e-05,1.29602e-05,-2.17885e-06,0
-2.993e-05,1.33577e-05,-1.09277e-05,-4.0371e-05,6.1663e-06,-1.06073e-05,1.42314e-05,-8.00109e-07,0
-2.99648e-05,1.20968e-05,-1.01001e-05,-4.72685e-05,5.60059e-06,-9.02077e-06,1.21112e-05,4.92313e-07,0
-2.97692e-05,1.24705e-05,-8.86805e-06,-5.11602e-05,5.47107e-06,-8.27998e-06,1.10185e-05,-2.48635e-07,0
-2.92148e-05,1.3877e-05,-9.35825e-06,-4.4251e-05,7.52913e-06,-7.58655e-06,1.17259e-05,-2.33825e-06,0
-2.93337e-05,1.21993e-05,-1.13983e-05,-2.09659e-05,8.97147e-06,-8.75328e-06,1.27221e-05,-3.07814e-06,0
-2.98016e-05,9.41571e-06,-1.1305e-05,6.24657e-06,7.82062e-06,-1.07623e-05,1.34839e-05,-4.41908e-06,0
-3.04247e-05,9.67626e-06,-9.92925e-06,2.67899e-05,5.45639e-06,-1.22287e-05,1.39979e-05,-5.9216e-06,0
-3.12074e-05,1.08905e-05,-8.68093e-06,4.09461e-05,5.15188e-06,-1.39676e-05,1.56343e-05,-5.03694e-06,0
-3.15563e-05,1.06318e-05,-9.02742e-06,4.57406e-05,7.11422e-06,-1.50262e-05,1.69471e-05,-3.90744e-06,0
-3.16436e-05,9.54766e-06,-1.08679e-05,4.22964e-05,1.1562e-05,-1.53225e-05,1.60259e-05,-3.52917e-06,0
-3.09045e-05,9.6146e-06,-1.23512e-05,3.07672e-05,1.47596e-05,-1.5134e-05,1.34521e-05,-3.36204e-06,0
-2.96513e-05,1.14063e-05,-1.20654e-05,1.59924e-05,1.51038e-05,-1.42048e-05,1.24369e-05,-2.39717e-06,0
-2.95952e-05,1.34836e-05,-1.16023e-05,5.00659e-06,1.5443e-05,-1.24423e-05,1.33977e-05,-1.63726e-06,0
-2.87058e-05,1.41267e-05,-1.16246e-05,-1.03877e-06,1.59586e-05,-1.20906e-05,1.51844e-05,-1.10933e-06,0
-2.80487e-05,1.37133e-05,-1.11936e-05,-3.36906e-06,1.59769e-05,-1.32447e-05,1.54255e-05,-1.73158e-06,0
-2.9086e-05,1.37041e-05,-1.06937e-05,-2.69297e-06,1.46703e-05,-1.44111e-05,1.43557e-05,-1.86334e-06,0
-2.95176e-05,1.33657e-05,-1.02956e-05,1.10898e-07,1.26396e-05,-1.60247e-05,1.42885e-05,-1.63911e-06,0
-2.95474e-05,1.26539e-05,-8.57189e-06,2.51819e-06,1.16588e-05,-1.79747e-05,1.56536e-05,-2.15766e-06,0
-2.99428e-05,1.30415e-05,-3.33359e-06,4.56991e-06,1.32335e-05,-1.83125e-05,1.56723e-05,-2.54513e-06,0
-3.07519e-05,1.5127e-05,3.68107e-06,4.23408e-06,1.46581e-05,-1.67165e-05,1.4039e-05,-2.90208e-06,0
-3.16807e-05,1.66814e-05,1.08756e-05,-1.74963e-07,1.38691e-05,-1.57006e-05,1.41786e-05,-3.0253e-06,0
-3.26302e-05,1.61565e-05,1.75648e-05,-7.45356e-06,1.19308e-05,-1.64977e-05,1.69462e-05,-2.4623e-06,0
-3.32444e-05,1.478e-05,2.3391e-05,-1.32366e-05,1.13313e-05,-1.89022e-05,2.02091e-05,-1.01571e-06,0
-3.32543e-05,1.4548e-05,2.80515e-05,-1.59917e-05,1.31533e-05,-2.10422e-05,2.18337e-05,2.11783e-07,0
-3.26379e-05,1.64227e-05,3.18215e-05,-1.5859e-05,1.62281e-05,-2.08984e-05,2.24145e-05,8.85202e-07,0
-3.20836e-05,1.9737e-05,3.46368e-05,-1.43692e-05,1.83007e-05,-1.79103e-05,2.14413e-05,-2.41426e-09,0
-3.20414e-05,2.46432e-05,3.4536e-05,-1.36438e-05,1.8738e-05,-1.6021e-05,1.91822e-05,-8.90657e-07,0
-3.21524e-05,3.0281e-05,2.73742e-05,-1.28947e-05,1.9339e-05,-1.75008e-05,1.47203e-05,-1.02831e-06,0
-3.26316e-05,3.37523e-05,9.65454e-06,-7.22752e-06,2.02082e-05,-1.83722e-05,9.02265e-06,-1.42602e-06,0
-3.27266e-05,3.27952e-05,-1.82703e-05,-2.57543e-07,1.99427e-05,-1.81622e-05,5.85995e-06,-1.05485e-06,0
-3.15461e-05,2.8364e-05,-4.90428e-05,6.16258e-08,1.7912e-05,-1.73595e-05,5.88396e-06,-7.38597e-08,0
-3.07098e-05,2.59498e-05,-7.34391e-05,-6.79769e-06,1.65743e-05,-1.55643e-05,7.66966e-06,1.42631e-06,0
-3.11187e-05,2.94935e-05,-8.17975e-05,-1.42997e-05,1.71734e-05,-1.49447e-05,1.07011e-05,3.06461e-06,0
-3.11539e-05,3.2828e-05,-7.548e-05,-1.69687e-05,1.77403e-05,-1.34366e-05,1.51009e-05,3.23745e-06,0
-3.07432e-05,3.339e-05,-6.1612e-05,-1.12989e-05,1.70647e-05,-1.02294e-05,1.84714e-05,3.1475e-06,0
-3.03782e-05,3.46092e-05,-4.45511e-05,1.02654e-05,1.57434e-05,-7.65697e-06,1.90335e-05,2.40984e-06,0
-3.04926e-05,3.40544e-05,-3.27082e-05,3.64755e-05,1.37215e-05,-5.70487e-06,1.80239e-05,-2.54474e-08,0
-3.12231e-05,3.06759e-05,-2.46338e-05,4.49505e-05,1.10495e-05,-4.28733e-06,1.58474e-05,-1.3957e-06,0
-3.11772e-05,2.71514e-05,-1.68076e-05,2.97198e-05,9.15808e-06,-4.41997e-06,8.52233e-06,-5.47446e-07,0
-3.12236e-05,2.63777e-05,-7.01879e-06,4.39924e-06,8.51599e-06,-6.89052e-06,-2.92701e-06,1.40169e-06,0
-3.13355e-05,2.50758e-05,1.53699e-06,-1.73435e-05,9.40886e-06,-9.04381e-06,-1.05645e-05,3.14955e-06,0
-3.06622e-05,2.33813e-05,6.44024e-06,-3.02715e-05,9.85303e-06,-8.85791e-06,-1.125e-05,3.77688e-06,0
-3.02242e-05,2.37153e-05,7.1054e-06,-3.28457e-05,9.35666e-06,-7.64129e-06,-6.80043e-06,3.78175e-06,0
-3.0276e-05,2.4057e-05,1.56589e-06,-2.75871e-05,1.07874e-05,-6.36313e-06,-1.04517e-06,3.61655e-06,0
-3.11028e-05,2.19762e-05,-7.48527e-06,-2.09272e-05,1.44702e-05,-5.18757e-06,4.67732e-06,3.30864e-06,0
-3.28147e-05,1.7396e-05,-1.58613e-05,-2.09646e-05,1.80167e-05,-5.03454e-06,1.05416e-05,3.69184e-06,0
-3.39333e-05,1.38891e-05,-2.05724e-05,-2.94316e-05,1.87655e-05,-6.36506e-06,1.57226e-05,4.8264e-06,0
-3.3319e-05,1.31643e-05,-2.29088e-05,-4.10161e-05,1.68333e-05,-8.48898e-06,1.39666e-05,5.06766e-06,0
-3.24404e-05,1.55399e-05,-2.1502e-05,-4.89469e-05,1.43814e-05,-9.96209e-06,2.10561e-06,4.64515e-06,0
-3.22201e-05,1.91067e-05,-1.59541e-05,-5.05689e-05,1.22784e-05,-1.00697e-05,-9.76767e-06,4.09255e-06,0
-3.21221e-05,2.2315e-05,-9.30248e-06,-4.89092e-05,9.88559e-06,-9.64819e-06,-1.02775e-05,2.43652e-06,0
-3.28035e-05,2.37378e-05,-4.9835e-06,-4.5821e-05,8.07745e-06,-1.02184e-05,2.29285e-06,1.02156e-06,0
-3.40741e-05,2.37919e-05,-3.16486e-06,-4.03793e-05,6.86999e-06,-1.24075e-05,1.99509e-05,1.97881e-06,0
-3.34532e-05,2.40935e-05,-2.77993e-06,-3.47153e-05,4.48006e-06,-1.40601e-05,3.42558e-05,3.62507e-06,0
-3.10428e-05,2.53193e-05,-2.07148e-06,-3.19882e-05,-1.66983e-07,-1.31686e-05,4.54714e-05,3.15624e-06,0
-2.91709e-05,2.6995e-05,3.40181e-07,-3.10627e-05,-5.14127e-06,-1.11902e-05,5.30335e-05,2.66344e-07,0
-2.94532e-05,2.84911e-05,2.26475e-06,-2.85952e-05,-7.98634e-06,-1.04614e-05,5.13338e-05,-1.7869e-06,0
-3.05085e-05,2.739e-05,1.38503e-06,-2.44598e-05,-7.52405e-06,-9.77005e-06,4.43767e-05,3.49702e-08,0
-2.96233e-05,2.53576e-05,-9.1568e-07,-1.87161e-05,-2.59914e-06,-8.31406e-06,3.89474e-05,2.36128e-06,0
-2.85174e-05,2.61263e-05,-2.82366e-06,-1.18224e-05,2.18127e-06,-9.20115e-06,3.71414e-05,2.63869e-06,0
-2.84469e-05,2.77601e-05,-1.72963e-06,-5.24415e-06,4.65932e-06,-1.03205e-05,3.7873e-05,2.42757e-06,0
-2.92922e-05,2.65497e-05,-3.73145e-07,2.10669e-07,1.06614e-05,-8.9115e-06,3.91815e-05,2.09559e-06,0
-3.03545e-05,2.2848e-05,-1.61315e-06,4.06097e-06,1.99152e-05,-6.82964e-06,3.83477e-05,1.73018e-06,0
-3.09826e-05,1.8964e-05,-2.61913e-06,6.2516e-06,2.55927e-05,-4.50088e-06,3.24212e-05,1.37038e-06,0
-3.15163e-05,1.54372e-05,-3.86979e-06,5.45069e-06,2.31036e-05,-3.98451e-06,2.43436e-05,1.39246e-07,0
-3.02874e-05,1.33735e-05,-4.20558e-06,3.44559e-06,1.88328e-05,-5.10415e-06,1.80487e-05,-7.09948e-08,0
-2.98523e-05,1.09438e-05,-3.12601e-06,2.83199e-06,1.90329e-05,-5.2549e-06,1.26893e-05,9.9047e-07,0
-3.02964e-05,8.75129e-06,-2.00004e-06,3.34084e-06,2.02749e-05,-4.73531e-06,8.34598e-06,2.54467e-06,0
-2.98105e-05,7.17935e-06,-1.70828e-06,2.65429e-06,2.18011e-05,-4.10189e-06,4.78646e-06,2.7078e-06,0
-2.90779e-05,5.38666e-06,-2.13176e-06,5.09437e-07,2.27587e-05,-3.10689e-06,2.54544e-06,1.38748e-06,0
-2.88131e-05,3.28387e-06,-3.18528e-06,-1.89772e-06,2.19771e-05,-2.21131e-06,2.53318e-06,7.90965e-07,0
-2.93619e-05,3.16504e-06,-3.58537e-06,-3.20063e-06,2.03586e-05,-2.13365e-06,2.81425e-06,1.36094e-06,0
-2.97944e-05,5.30626e-06,-3.42431e-06,-2.3863e-06,1.88795e-05,-2.24054e-06,3.54414e-06,2.27619e-06,0
-3.05652e-05,6.44471e-06,-3.11421e-06,-1.36056e-06,1.67846e-05,-1.99902e-06,6.04284e-06,1.89249e-06,0
-3.17523e-05,5.58723e-06,-3.7579e-06,-2.94463e-06,1.39676e-05,-3.36573e-06,1.05719e-05,9.70334e-07,0
-3.32387e-05,3.28757e-06,-5.749e-06,-6.53577e-06,1.20027e-05,-6.03172e-06,1.51022e-05,3.64597e-07,0
-3.45764e-05,1.97423e-06,-7.5172e-06,-7.17526e-06,1.09703e-05,-6.48252e-06,1.8153e-05,2.38627e-07,0
-3.55085e-05,2.35667e-06,-7.57088e-06,-2.02274e-06,1.15925e-05,-5.20392e-06,1.9941e-05,-8.00028e-07,0
-3.57154e-05,2.07422e-06,-6.1375e-06,1.06565e-05,1.39171e-05,-5.04022e-06,2.05284e-05,-2.00984e-06,0
-3.5536e-05,3.51375e-07,-5.46348e-06,3.17547e-05,1.43875e-05,-5.7483e-06,1.89701e-05,-2.34648e-06,0
-3.44644e-05,-7.3909e-07,-5.35269e-06,5.18896e-05,1.1509e-05,-5.34986e-06,1.59211e-05,-2.40882e-06,0
-3.37977e-05,-4.47866e-07,-6.80805e-06,5.85904e-05,1.03152e-05,-3.83118e-06,1.40187e-05,-3.72626e-06,0
-3.34198e-05,1.93006e-06,-8.40351e-06,5.15838e-05,1.4107e-05,-3.41747e-06,1.42944e-05,-5.41215e-06,0
-3.23438e-05,5.85877e-06,-8.49484e-06,4.00343e-05,2.10229e-05,-3.57078e-06,1.40569e-05,-5.32969e-06,0
-3.07983e-05,1.11006e-05,-7.86199e-06,3.07732e-05,2.75128e-05,-2.89366e-06,1.33809e-05,-5.10471e-06,0
-2.8297e-05,1.45969e-05,-7.20402e-06,2.16477e-05,2.98185e-05,-2.27184e-06,1.42865e-05,-4.73091e-06,0
-2.75533e-05,1.27692e-05,-8.01087e-06,1.14051e-05,2.62012e-05,-1.98099e-06,1.45534e-05,-3.06309e-06,0
-2.81977e-05,9.26501e-06,-9.63074e-06,-1.41606e-07,2.2034e-05,-3.18201e-06,1.14323e-05,-1.21933e-06,0
-2.75603e-05,7.09569e-06,-9.99492e-06,-1.28354e-05,2.12448e-05,-6.24404e-06,8.46599e-06,-3.25073e-07,0
-2.49568e-05,7.67596e-06,-8.43773e-06,-2.61576e-05,2.05515e-05,-8.12169e-06,7.70181e-06,-3.88835e-07,0
-2.25087e-05,1.04457e-05,-7.18168e-06,-3.74114e-05,2.001e-05,-6.36091e-06,6.70354e-06,-3.04484e-07,0
-2.32633e-05,1.26162e-05,-7.52381e-06,-3.95343e-05,1.80975e-05,-3.66321e-06,5.50207e-06,-3.0014e-08,0
-2.48452e-05,1.33311e-05,-8.33865e-06,-3.12771e-05,1.51774e-05,-3.40464e-06,4.33139e-06,7.10133e-07,0
-2.56406e-05,1.22472e-05,-9.84093e-06,-2.18335e-05,1.45768e-05,-4.82702e-06,4.24747e-06,1.81207e-06,0
-2.57854e-05,1.08041e-05,-1.17168e-05,-1.90612e-05,1.4851e-05,-6.46747e-06,4.6234e-06,2.37698e-06,0
-2.6334e-05,1.04039e-05,-1.26249e-05,-1.87089e-05,1.54e-05,-8.56903e-06,5.33436e-06,1.48002e-06,0
-2.72527e-05,1.10688e-05,-1.22384e-05,-1.6084e-05,1.67329e-05,-1.00658e-05,5.37152e-06,7.06581e-07,0
-2.71558e-05,1.14413e-05,-1.24582e-05,-1.18292e-05,1.84484e-05,-1.05696e-05,3.59533e-06,1.7973e-06,0
-2.64996e-05,1.09491e-05,-1.40087e-05,-8.8103e-06,1.8595e-05,-1.05867e-05,-5.65238e-07,3.09264e-06,0
-2.48074e-05,1.05966e-05,-1.47231e-05,-8.31959e-06,1.74209e-05,-1.06886e-05,-4.1227e-06,3.42839e-06,0
-2.28971e-05,1.11606e-05,-1.24709e-05,-9.91362e-06,1.54698e-05,-1.09836e-05,-3.15379e-06,2.92073e-06,0
-2.22808e-05,1.26002e-05,-9.2266e-06,-1.12705e-05,1.35335e-05,-1.12786e-05,1.41879e-06,2.39994e-06,0
-2.40491e-05,1.44665e-05,-8.25193e-06,-1.04147e-05,1.28251e-05,-1.23971e-05,6.11952e-06,1.13571e-06,0
-2.56376e-05,1.83046e-05,-9.43589e-06,-6.98261e-06,1.36397e-05,-1.48032e-05,8.9713e-06,-1.10198e-06,0
-2.57135e-05,2.31644e-05,-1.06485e-05,-3.61909e-06,1.39905e-05,-1.78237e-05,1.03797e-05,-2.38853e-06,0
-2.5764e-05,2.53286e-05,-9.92128e-06,-4.19198e-06,1.06868e-05,-1.88881e-05,9.77132e-06,-1.95094e-06,0
-2.62408e-05,2.32637e-05,-6.68831e-06,-6.91487e-06,6.84425e-06,-1.75921e-05,9.17711e-06,-1.99705e-06,0
-2.68158e-05,1.9362e-05,-2.70008e-06,-7.69676e-06,6.14012e-06,-1.54509e-05,1.00039e-05,-1.33599e-06,0
-2.77077e-05,1.4195e-05,-1.32317e-06,-5.24456e-06,7.83312e-06,-1.50664e-05,9.9942e-06,4.61642e-07,0
-2.87777e-05,6.83965e-06,-3.46693e-06,-7.53266e-07,1.04633e-05,-1.57295e-05,9.10036e-06,1.31182e-06,0
-2.99409e-05,-1.80399e-06,-5.1101e-06,3.19045e-06,1.30866e-05,-1.37698e-05,9.82631e-06,1.00017e-06,0
-3.10247e-05,-9.63572e-06,-2.89772e-06,6.46427e-06,1.45857e-05,-1.0772e-05,1.02674e-05,1.15407e-07,0
-3.12104e-05,-1.37381e-05,-1.66333e-06,4.48563e-06,1.33945e-05,-9.32128e-06,9.11853e-06,-1.45602e-06,0
-3.08333e-05,-1.44795e-05,-2.7806e-06,-3.9515e-06,1.008e-05,-8.63312e-06,7.80098e-06,-1.20285e-06,0
-3.00084e-05,-1.28666e-05,-1.36056e-06,-1.00364e-05,6.50437e-06,-8.01939e-06,8.83134e-06,-7.04743e-07,0
-2.97107e-05,-5.16088e-06,-1.05226e-06,-1.05661e-05,4.78348e-06,-7.59127e-06,1.61303e-05,-2.56876e-06,0
-2.97269e-05,9.51963e-06,-4.36206e-06,-6.52049e-06,3.59835e-06,-7.32464e-06,2.8628e-05,-4.98282e-06,0
-3.01405e-05,2.45205e-05,-7.68387e-06,-2.00151e-06,2.91668e-06,-6.4036e-06,3.77965e-05,-7.0303e-06,0
-3.0769e-05,3.29073e-05,-9.87222e-06,2.17994e-06,3.79564e-06,-5.54002e-06,4.03485e-05,-6.07301e-06,0
-3.10704e-05,3.05292e-05,-8.99642e-06,7.24273e-06,3.77525e-06,-4.57434e-06,3.93858e-05,-4.04801e-06,0
-3.26948e-05,2.14961e-05,-6.57391e-06,1.23042e-05,4.01354e-06,-2.49101e-06,3.59117e-05,-2.1527e-06,0
-3.40209e-05,1.25951e-05,-4.40795e-06,1.51852e-05,4.55064e-06,-4.58162e-07,2.93579e-05,-1.10802e-06,0
-3.35772e-05,6.17489e-06,-2.09463e-06,1.62777e-05,6.54196e-06,-1.50398e-07,2.05963e-05,-1.20129e-06,0
-3.37488e-05,1.40184e-06,1.50678e-07,1.64965e-05,1.02073e-05,-1.69146e-06,9.77092e-06,-1.66261e-06,0
-3.49168e-05,-3.10434e-06,2.33326e-06,1.46369e-05,1.33545e-05,-2.90254e-06,-2.12545e-06,-2.17474e-06,0
-3.51894e-05,-6.20942e-06,5.01768e-06,1.08942e-05,1.45626e-05,-2.77224e-06,-1.27404e-05,-2.34504e-06,0
-3.37026e-05,-6.96987e-06,7.26282e-06,5.52795e-06,1.47748e-05,-1.86024e-06,-2.07483e-05,-1.69563e-06,0
-3.25279e-05,-5.57612e-06,7.26407e-06,-1.03217e-06,1.46513e-05,-1.41581e-06,-2.3775e-05,-6.48159e-07,0
-3.20495e-05,-2.28944e-06,5.51193e-06,-7.99378e-06,1.43278e-05,-1.16202e-06,-2.14918e-05,-4.79922e-07,0
-3.15444e-05,2.62791e-06,3.09656e-06,-1.3865e-05,1.45755e-05,-5.63705e-07,-1.53784e-05,-3.18034e-07,0
-3.21166e-05,7.67153e-06,5.31842e-07,-1.68419e-05,1.63569e-05,-1.00263e-06,-8.79455e-06,5.92219e-07,0
-3.35266e-05,1.12524e-05,-1.77827e-06,-1.53606e-05,1.88695e-05,-3.05251e-06,-4.06925e-06,1.71066e-06,0
-3.37399e-05,1.1449e-05,-2.52754e-06,-1.04762e-05,1.90983e-05,-5.48984e-06,-8.21368e-07,1.69507e-06,0
-3.18217e-05,1.01592e-05,-3.05793e-06,-5.32729e-06,1.65685e-05,-6.91619e-06,3.12764e-06,1.1896e-06,0
-3.00878e-05,9.78019e-06,-6.14266e-06,-3.45088e-06,1.36074e-05,-6.17192e-06,7.29278e-06,9.42087e-07,0
-2.95516e-05,1.00043e-05,-1.18966e-05,-4.29548e-06,1.34109e-05,-5.5968e-06,8.68219e-06,1.43043e-06,0
-2.99267e-05,1.22396e-05,-1.6977e-05,-5.63399e-06,1.44922e-05,-6.87225e-06,6.54249e-06,3.61991e-07,0
-3.06188e-05,1.54079e-05,-1.9231e-05,-6.49273e-06,1.52785e-05,-7.86333e-06,3.77133e-06,-2.00264e-06,0
-3.07986e-05,1.637e-05,-2.0996e-05,-7.92063e-06,1.48302e-05,-8.50363e-06,3.62815e-06,-2.17875e-06,0
-3.02606e-05,1.7578e-05,-2.3485e-05,-1.02266e-05,1.45795e-05,-8.33478e-06,6.0903e-06,-1.06685e-07,0
-2.93561e-05,1.95789e-05,-2.40817e-05,-1.21594e-05,1.56809e-05,-9.18786e-06,9.77634e-06,9.17016e-07,0
-2.97792e-05,2.14041e-05,-2.17717e-05,-1.24076e-05,1.6608e-05,-1.28586e-05,1.45547e-05,7.53231e-07,0
-3.17535e-05,2.36121e-05,-1.92829e-05,-1.21625e-05,1.60992e-05,-1.59612e-05,1.859e-05,5.4153e-07,0
-3.39013e-05,2.30092e-05,-1.94101e-05,-1.056e-05,1.68174e-05,-1.61793e-05,2.14248e-05,2.29484e-07,0
-3.43708e-05,2.18706e-05,-2.17349e-05,-8.45816e-06,1.89257e-05,-1.3829e-05,1.99934e-05,1.41757e-06,0
-3.38634e-05,2.11404e-05,-2.51805e-05,-8.93103e-06,1.87589e-05,-1.27493e-05,1.18051e-05,2.5578e-06,0
-3.28238e-05,2.05232e-05,-2.57827e-05,-9.77546e-06,1.55571e-05,-1.4277e-05,3.70901e-06,3.27016e-06,0
-3.27227e-05,2.07264e-05,-2.29689e-05,-7.77094e-06,1.38335e-05,-1.55347e-05,1.79845e-06,3.94646e-06,0
-3.30651e-05,2.05965e-05,-2.02628e-05,-3.57149e-06,1.52665e-05,-1.5522e-05,6.34207e-06,4.01429e-06,0
-3.28123e-05,2.05841e-05,-1.7421e-05,-1.56936e-06,1.40773e-05,-1.51403e-05,1.33891e-05,2.38888e-06,0
-3.30537e-05,2.07904e-05,-1.49577e-05,-4.10968e-06,9.38501e-06,-1.65286e-05,1.9899e-05,-3.22323e-08,0
-3.27021e-05,2.14588e-05,-1.36124e-05,-9.52948e-06,4.49157e-06,-1.90893e-05,2.478e-05,-5.99315e-07,0
-3.15235e-05,2.29597e-05,-1.25639e-05,-1.35307e-05,3.04647e-06,-2.06365e-05,2.8423e-05,4.46262e-07,0
-2.96073e-05,2.49212e-05,-1.06049e-05,-1.47558e-05,3.98246e-06,-1.96732e-05,2.96586e-05,1.93682e-06,0
-2.89896e-05,2.4908e-05,-8.32634e-06,-1.49227e-05,4.35966e-06,-1.82321e-05,2.87279e-05,2.20804e-06,0
-2.9984e-05,2.23361e-05,-7.0317e-06,-1.6615e-05,4.43143e-06,-1.83134e-05,2.65267e-05,9.90266e-07,0
-3.13817e-05,1.98399e-05,-7.72422e-06,-1.84787e-05,6.85204e-06,-1.83808e-05,2.27207e-05,3.0027e-07,0
-3.10961e-05,1.94237e-05,-8.99201e-06,-1.72515e-05,1.33977e-05,-1.83653e-05,1.77221e-05,6.82506e-07,0
-2.92811e-05,1.9337e-05,-8.5138e-06,-1.04922e-05,2.32548e-05,-1.90546e-05,1.3915e-05,1.44252e-06,0
-2.72522e-05,1.74296e-05,-6.64915e-06,4.39781e-07,3.29268e-05,-1.92188e-05,1.29698e-05,1.89191e-06,0
-2.56436e-05,1.43071e-05,-6.37376e-06,9.72636e-06,3.80994e-05,-1.75133e-05,1.51308e-05,2.44112e-06,0
-2.52239e-05,1.21102e-05,-7.8191e-06,1.21457e-05,3.62919e-05,-1.59539e-05,1.90198e-05,3.61419e-06,0
-2.6373e-05,1.20176e-05,-8.89582e-06,8.93613e-06,2.91865e-05,-1.57474e-05,1.98483e-05,4.23482e-06,0
-2.81967e-05,1.14897e-05,-9.7237e-06,6.31479e-06,2.22636e-05,-1.55835e-05,1.69518e-05,3.82733e-06,0
-3.05178e-05,8.43807e-06,-1.12835e-05,6.6238e-06,1.72919e-05,-1.49677e-05,1.29959e-05,2.3422e-06,0
-3.29644e-05,6.25772e-06,-1.15221e-05,9.31795e-06,1.50435e-05,-1.43215e-05,9.43921e-06,2.04647e-06,0
-3.36957e-05,5.76638e-06,-9.79933e-06,1.21165e-05,1.47398e-05,-1.34012e-05,6.98528e-06,3.11529e-06,0
-3.29817e-05,2.89118e-06,-9.01779e-06,1.316e-05,1.30535e-05,-1.3149e-05,6.13712e-06,3.90354e-06,0
-3.13021e-05,-4.03754e-07,-9.08956e-06,1.32972e-05,1.13118e-05,-1.43578e-05,7.13923e-06,4.98685e-06,0
-2.96343e-05,-4.4625e-07,-9.55537e-06,1.25083e-05,1.19913e-05,-1.49485e-05,8.98472e-06,5.77465e-06,0
-2.89515e-05,1.00747e-06,-9.31739e-06,1.00565e-05,1.44728e-05,-1.47753e-05,9.13757e-06,5.06983e-06,0
-2.91254e-05,3.19289e-06,-9.98177e-06,2.00231e-06,1.42296e-05,-1.52383e-05,6.90591e-06,3.34771e-06,0
-2.8338e-05,4.19047e-06,-1.02219e-05,-1.02816e-05,1.07007e-05,-1.55882e-05,4.68275e-06,2.05076e-06,0
-2.67819e-05,3.81535e-06,-6.91859e-06,-1.61535e-05,7.25448e-06,-1.48836e-05,6.85613e-06,2.85136e-06,0
-2.52539e-05,4.78788e-06,-2.05323e-06,-1.60747e-05,4.86734e-06,-1.35095e-05,1.39908e-05,5.77377e-06,0
-2.46617e-05,6.41439e-06,1.77126e-06,-1.78339e-05,4.9281e-06,-1.27146e-05,2.4003e-05,7.91499e-06,0
-2.43297e-05,8.01652e-06,3.02755e-06,-2.13777e-05,9.45675e-06,-1.19088e-05,3.33709e-05,8.23456e-06,0
-2.5046e-05,1.03771e-05,2.4534e-06,-2.38139e-05,1.73764e-05,-1.06398e-05,3.9592e-05,7.45627e-06,0
-2.62885e-05,1.36144e-05,2.13274e-06,-2.36271e-05,2.33144e-05,-1.01607e-05,4.21991e-05,6.98045e-06,0
-2.64794e-05,1.55144e-05,2.24928e-06,-1.91936e-05,2.59211e-05,-1.06544e-05,4.11873e-05,6.66804e-06,0
-2.67553e-05,1.40898e-05,1.77742e-06,-1.24039e-05,2.61414e-05,-1.09107e-05,3.73112e-05,7.03906e-06,0
-2.70377e-05,1.09418e-05,1.74386e-06,-7.15376e-06,2.38742e-05,-1.00101e-05,3.13969e-05,7.83426e-06,0
-2.73934e-05,9.06983e-06,1.39309e-06,-5.47246e-06,1.97648e-05,-8.58084e-06,2.16374e-05,6.99034e-06,0
-2.78425e-05,9.15391e-06,-3.32351e-08,-6.1649e-06,1.58794e-05,-6.59651e-06,5.41315e-06,5.40578e-06,0
-2.81886e-05,9.83483e-06,-1.80561e-06,-4.16737e-06,1.40246e-05,-4.39272e-06,-1.34822e-05,4.23932e-06,0
-2.76608e-05,9.56262e-06,-2.44901e-06,5.8966e-06,1.50058e-05,-2.45987e-06,-2.86715e-05,3.46571e-06,0
-2.75982e-05,8.91003e-06,-1.11387e-06,2.30635e-05,1.74226e-05,-7.95745e-07,-3.55453e-05,3.55886e-06,0
-2.85777e-05,8.43077e-06,3.25899e-07,3.83076e-05,1.83137e-05,-1.55371e-07,-3.22557e-05,4.19015e-06,0
-2.962e-05,7.05068e-06,-4.98194e-07,4.3242e-05,1.63696e-05,-4.80229e-07,-2.18789e-05,4.94286e-06,0
-3.10138e-05,5.00896e-06,-3.04137e-06,3.91938e-05,1.17027e-05,-1.94719e-06,-1.20655e-05,6.03982e-06,0
-3.24007e-05,4.97808e-06,-4.36373e-06,3.10462e-05,7.54938e-06,-2.46972e-06,-6.38185e-06,6.40845e-06,0
-3.2726e-05,7.08712e-06,-5.18084e-06,2.2272e-05,6.84279e-06,-1.62815e-06,-2.326e-06,5.22283e-06,0
-3.30271e-05,7.32562e-06,-7.89496e-06,1.57978e-05,7.81008e-06,-1.56273e-06,2.54705e-06,2.35905e-06,0
-3.28298e-05,6.15051e-06,-1.02749e-05,8.56452e-06,8.22353e-06,-3.83095e-07,3.82062e-06,6.40769e-07,0
-3.23832e-05,6.77574e-06,-1.24811e-05,-3.78661e-06,7.96499e-06,8.0164e-07,-6.84869e-06,1.74805e-06,0
-3.24198e-05,7.96432e-06,-1.50914e-05,-1.88339e-05,7.33171e-06,5.75197e-07,-2.27354e-05,2.55849e-06,0
-3.11573e-05,1.11202e-05,-1.54163e-05,-2.78215e-05,5.47577e-06,-1.469e-06,-2.71766e-05,2.20788e-06,0
-2.84546e-05,1.55877e-05,-1.25045e-05,-2.69311e-05,2.30844e-06,-3.85917e-06,-1.95659e-05,2.31094e-06,0
-2.70776e-05,1.74442e-05,-9.54197e-06,-2.22434e-05,9.14098e-07,-3.84003e-06,-6.82161e-06,2.58301e-06,0
-2.76357e-05,1.53595e-05,-8.36248e-06,-2.02999e-05,1.32604e-06,-3.98363e-06,8.22011e-06,3.34062e-06,0
-2.84685e-05,1.17308e-05,-8.27736e-06,-2.29526e-05,2.32272e-06,-5.37092e-06,2.29926e-05,3.04891e-06,0
-2.86455e-05,9.20357e-06,-1.0502e-05,-2.6126e-05,2.93368e-06,-5.6268e-06,3.35947e-05,1.62208e-06,0
-2.76548e-05,7.03196e-06,-1.29889e-05,-2.97395e-05,1.69958e-06,-4.01981e-06,4.07901e-05,1.20778e-06,0
-2.69448e-05,6.21335e-06,-1.44111e-05,-3.60482e-05,5.50284e-07,-2.9224e-06,4.62864e-05,9.77656e-07,0
-2.71557e-05,6.28892e-06,-1.39358e-05,-4.19829e-05,5.92357e-07,-3.73658e-06,4.89844e-05,1.98336e-06,0
-2.86288e-05,5.85063e-06,-1.26405e-05,-4.36287e-05,1.7439e-06,-5.65063e-06,4.89438e-05,4.57783e-06,0
-3.05477e-05,4.91774e-06,-1.20777e-05,-3.87972e-05,3.28568e-06,-7.03118e-06,4.61477e-05,6.33654e-06,0
-3.24941e-05,4.47325e-06,-1.16312e-05,-3.19508e-05,3.77787e-06,-8.49907e-06,4.16646e-05,6.754e-06,0
-3.39523e-05,4.54698e-06,-9.599e-06,-2.73832e-05,3.58871e-06,-1.04916e-05,3.76609e-05,7.02728e-06,0
-3.42364e-05,5.45812e-06,-7.1635e-06,-2.49589e-05,3.57854e-06,-1.23595e-05,3.66148e-05,6.62414e-06,0
-3.39901e-05,6.69394e-06,-6.80124e-06,-2.30073e-05,4.04547e-06,-1.28506e-05,3.92211e-05,5.19914e-06,0
-3.394e-05,7.29129e-06,-6.77814e-06,-2.07784e-05,4.44243e-06,-1.1207e-05,4.37628e-05,3.89007e-06,0
-3.36792e-05,8.53658e-06,-4.80715e-06,-1.8823e-05,5.1594e-06,-9.24746e-06,4.59295e-05,3.76417e-06,0
-3.3153e-05,1.01219e-05,-2.00365e-06,-1.79255e-05,6.00835e-06,-7.28065e-06,4.4893e-05,4.19361e-06,0
-3.29419e-05,1.08172e-05,-8.28778e-07,-1.72352e-05,6.72895e-06,-5.49832e-06,4.1459e-05,3.95547e-06,0
-3.26088e-05,1.20167e-05,-3.45801e-07,-1.42293e-05,8.29412e-06,-4.66897e-06,3.63978e-05,2.57104e-06,0
-3.10733e-05,1.37787e-05,6.15423e-07,-9.67282e-06,1.11952e-05,-3.51034e-06,2.97122e-05,-1.29803e-07,0
-2.80616e-05,1.55583e-05,2.28881e-06,-5.07384e-06,1.35448e-05,-2.00533e-06,2.23834e-05,-2.72419e-06,0
-2.57809e-05,1.61522e-05,1.90002e-06,1.4809e-06,1.36405e-05,-1.20676e-06,1.5277e-05,-2.37387e-06,0
-2.48564e-05,1.63768e-05,-8.76709e-07,8.40181e-06,1.3557e-05,-5.51817e-07,7.96408e-06,-3.92238e-07,0
-2.46907e-05,1.91295e-05,-5.51738e-06,1.21656e-05,1.2809e-05,-2.10551e-06,1.97044e-06,1.21936e-06,0
-2.58473e-05,2.11973e-05,-1.42665e-05,1.1706e-05,1.1753e-05,-4.82019e-06,-4.43779e-07,2.1325e-06,0
-2.72817e-05,2.18497e-05,-2.3479e-05,7.50628e-06,1.26611e-05,-6.26153e-06,-1.61583e-06,1.65827e-06,0
-2.80719e-05,2.25381e-05,-2.71003e-05,4.09497e-06,1.45091e-05,-6.90151e-06,-2.83048e-06,7.35292e-07,0
-2.91828e-05,2.40794e-05,-2.26357e-05,3.187e-06,1.48289e-05,-7.53495e-06,-1.38633e-06,-1.33771e-06,0
-3.07255e-05,2.48564e-05,-1.44655e-05,4.57111e-06,1.29151e-05,-9.35355e-06,2.20368e-06,-2.61833e-06,0
-3.22844e-05,2.2405e-05,-8.17504e-06,4.70914e-06,1.08715e-05,-1.15796e-05,5.91005e-06,-3.16408e-06,0
-3.20353e-05,1.85442e-05,-5.15728e-06,2.18279e-06,9.56865e-06,-1.28387e-05,7.6404e-06,-3.61598e-06,0
-3.14836e-05,1.60266e-05,-6.02329e-06,-4.00336e-07,9.50346e-06,-1.30676e-05,8.66201e-06,-3.94609e-06,0
-3.24223e-05,1.67548e-05,-8.29038e-06,-1.52383e-06,1.2237e-05,-1.37605e-05,1.10105e-05,-3.89453e-06,0
-3.36966e-05,1.76646e-05,-1.01554e-05,-5.68893e-07,1.69811e-05,-1.36762e-05,1.42373e-05,-2.92601e-06,0
-3.4324e-05,1.61303e-05,-1.03967e-05,-1.08221e-06,1.96548e-05,-1.24946e-05,1.4967e-05,-1.9155e-06,0
-3.35789e-05,1.41421e-05,-9.39673e-06,-5.37896e-06,1.88942e-05,-1.19958e-05,1.18111e-05,-3.58336e-07,0
-3.18482e-05,1.42306e-05,-7.63315e-06,-1.16325e-05,1.72158e-05,-1.26541e-05,4.17303e-06,1.30719e-06,0
-3.19604e-05,1.64774e-05,-6.40484e-06,-1.54129e-05,1.70047e-05,-1.28809e-05,-7.24144e-06,3.71625e-06,0
-3.40933e-05,2.00679e-05,-5.38884e-06,-1.55573e-05,1.74876e-05,-1.12266e-05,-1.66444e-05,5.698e-06,0
-3.51423e-05,2.39692e-05,-2.57654e-06,-1.31193e-05,1.68652e-05,-9.56062e-06,-1.79794e-05,5.7524e-06,0
-3.47263e-05,2.69595e-05,7.10495e-07,-9.57431e-06,1.58954e-05,-9.8728e-06,-1.2095e-05,4.0839e-06,0
-3.4265e-05,2.84885e-05,1.97043e-06,-5.65594e-06,1.59054e-05,-1.03646e-05,-5.85273e-06,1.93155e-06,0
-3.39029e-05,2.8478e-05,-6.88925e-07,-5.21287e-07,1.72448e-05,-8.31479e-06,-2.07429e-06,-2.93457e-07,0
-3.29856e-05,2.69479e-05,-6.47327e-06,5.89349e-06,1.86533e-05,-6.12388e-06,-8.10525e-07,-1.59249e-06,0
-3.26844e-05,2.46614e-05,-1.47222e-05,1.27175e-05,1.78066e-05,-6.30236e-06,-1.35743e-06,-1.95946e-06,0
-3.32124e-05,2.39668e-05,-2.28939e-05,1.75494e-05,1.53342e-05,-6.83314e-06,5.78339e-07,-3.63788e-06,0
-3.44555e-05,2.50359e-05,-2.6911e-05,1.69384e-05,1.44927e-05,-6.14787e-06,6.2702e-06,-5.19798e-06,0
-3.46611e-05,2.7196e-05,-2.51288e-05,1.16908e-05,1.41024e-05,-6.64972e-06,1.19635e-05,-4.86356e-06,0
-3.43437e-05,2.83208e-05,-1.98698e-05,7.56019e-06,1.30008e-05,-8.73965e-06,1.68987e-05,-4.54146e-06,0
-3.43121e-05,2.69161e-05,-1.39407e-05,8.42868e-06,1.27134e-05,-1.05076e-05,2.23619e-05,-4.38396e-06,0
-3.24086e-05,2.58194e-05,-9.86686e-06,2.03402e-05,1.32006e-05,-9.81486e-06,2.76038e-05,-5.29626e-06,0
-3.00679e-05,2.61349e-05,-6.95992e-06,3.73779e-05,1.30456e-05,-8.70581e-06,3.08799e-05,-6.00412e-06,0
-2.91672e-05,2.53272e-05,-5.81394e-06,4.45102e-05,1.30925e-05,-1.01707e-05,3.60567e-05,-5.88184e-06,0
-2.93632e-05,2.19251e-05,-7.67428e-06,3.7529e-05,1.38541e-05,-1.1247e-05,4.36672e-05,-6.7674e-06,0
-3.05559e-05,1.8104e-05,-9.22223e-06,2.06082e-05,1.43889e-05,-1.14098e-05,4.63172e-05,-6.64992e-06,0
-3.19591e-05,1.56115e-05,-1.05994e-05,3.79603e-06,1.55635e-05,-1.17747e-05,4.20419e-05,-5.39722e-06,0
-3.29948e-05,1.27047e-05,-1.38659e-05,-6.58216e-06,1.53732e-05,-1.12817e-05,3.48177e-05,-4.00735e-06,0
-3.32483e-05,9.49073e-06,-1.61733e-05,-1.08284e-05,1.59228e-05,-1.1256e-05,2.809e-05,-3.59271e-06,0
-3.28324e-05,8.32818e-06,-1.58131e-05,-1.31543e-05,2.01752e-05,-1.14617e-05,2.15257e-05,-3.51727e-06,0
-3.24574e-05,9.98958e-06,-1.41464e-05,-1.52598e-05,2.3798e-05,-1.01848e-05,1.62511e-05,-3.16208e-06,0
-3.24798e-05,1.36405e-05,-1.25185e-05,-1.75152e-05,2.30429e-05,-7.38444e-06,1.38122e-05,-2.6597e-06,0
-3.25737e-05,1.58332e-05,-1.15245e-05,-1.85221e-05,1.912e-05,-5.23919e-06,1.32441e-05,-1.87291e-06,0
-3.27766e-05,1.54363e-05,-1.15854e-05,-1.77804e-05,1.60522e-05,-5.51671e-06,1.26669e-05,-1.74627e-07,0
-3.34365e-05,1.53422e-05,-1.34082e-05,-1.64966e-05,1.61379e-05,-6.17511e-06,1.08421e-05,1.07498e-06,0
-3.43396e-05,1.59864e-05,-1.46907e-05,-1.33999e-05,1.92681e-05,-5.71513e-06,8.7156e-06,1.23657e-06,0
-3.50765e-05,1.62365e-05,-1.33977e-05,-9.38585e-06,2.1961e-05,-4.44903e-06,7.56523e-06,1.58953e-06,0
-3.51934e-05,1.5946e-05,-1.0031e-05,-7.33673e-06,2.25515e-05,-3.89744e-06,7.76513e-06,1.92637e-06,0
-3.5349e-05,1.71635e-05,-5.94684e-06,-9.77228e-06,2.2344e-05,-4.39376e-06,7.99855e-06,1.93566e-06,0
-3.46791e-05,1.89155e-05,-1.70437e-06,-1.42773e-05,2.30763e-05,-5.07347e-06,7.47681e-06,2.28764e-06,0
-3.24007e-05,1.77195e-05,3.0186e-06,-1.70838e-05,2.60006e-05,-5.19885e-06,7.32238e-06,3.26295e-06,0
-2.96702e-05,1.37653e-05,7.9414e-06,-1.76136e-05,2.95129e-05,-5.16952e-06,8.12986e-06,3.79205e-06,0
-2.89036e-05,1.00545e-05,1.02439e-05,-2.12442e-05,3.06708e-05,-4.65822e-06,7.60433e-06,3.81998e-06,0
-2.98776e-05,9.58701e-06,9.67828e-06,-3.29743e-05,2.87703e-05,-2.903e-06,3.92106e-06,1.90463e-06,0
-2.97648e-05,1.0512e-05,5.79134e-06,-4.99332e-05,2.67765e-05,-1.78575e-06,-7.79006e-07,-2.05305e-06,0
-2.90814e-05,1.00186e-05,-3.69102e-06,-6.35638e-05,2.6627e-05,-2.85224e-06,-1.97403e-06,-4.14944e-06,0
-2.96609e-05,7.29258e-06,-1.59768e-05,-6.9046e-05,2.67843e-05,-4.35726e-06,1.50066e-06,-3.26653e-06,0
-3.03472e-05,4.32615e-06,-2.62181e-05,-6.4941e-05,2.52729e-05,-5.85493e-06,5.99376e-06,-5.98516e-07,0
-2.93121e-05,3.12716e-06,-3.15031e-05,-5.04383e-05,2.316e-05,-6.88144e-06,8.8765e-06,1.81675e-06,0
-2.71108e-05,4.39057e-06,-2.94024e-05,-3.28418e-05,2.1938e-05,-6.35306e-06,8.03061e-06,2.66594e-06,0
-2.53329e-05,8.21109e-06,-2.17565e-05,-2.00159e-05,2.16444e-05,-5.49075e-06,6.46907e-06,3.46668e-06,0
-2.47687e-05,9.64838e-06,-1.43973e-05,-4.3754e-06,2.14259e-05,-5.69716e-06,7.40216e-06,3.77364e-06,0
-2.52605e-05,9.07349e-06,-1.09242e-05,2.00123e-05,2.02211e-05,-6.66308e-06,6.52593e-06,4.11788e-06,0
-2.61273e-05,9.24453e-06,-1.05183e-05,4.5432e-05,1.71306e-05,-7.68819e-06,2.08136e-06,4.4414e-06,0
-2.61866e-05,8.01955e-06,-1.01435e-05,6.47214e-05,1.37897e-05,-9.0955e-06,-3.94629e-06,4.64113e-06,0
-2.40152e-05,6.17002e-06,-8.96384e-06,7.48074e-05,1.25836e-05,-1.04244e-05,-7.69139e-06,3.80715e-06,0
-2.32808e-05,4.92538e-06,-5.42122e-06,7.24718e-05,1.31924e-05,-1.09567e-05,-7.60077e-06,2.88103e-06,0
-2.46984e-05,4.05691e-06,-1.72872e-06,5.77008e-05,1.40066e-05,-9.87188e-06,-4.43685e-06,3.02427e-06,0
-2.51343e-05,3.67509e-06,2.53987e-07,3.57101e-05,1.32949e-05,-7.55954e-06,5.20257e-07,2.87541e-06,0
-2.60098e-05,3.95007e-06,9.83773e-07,9.73939e-06,1.16785e-05,-6.33439e-06,5.3419e-06,3.70809e-06,0
-2.73243e-05,3.73557e-06,-2.75346e-07,-1.51323e-05,1.0359e-05,-8.32315e-06,7.96056e-06,5.35177e-06,0
-2.75634e-05,1.98867e-06,-2.88458e-06,-3.24957e-05,1.07507e-05,-1.17331e-05,8.29485e-06,6.25056e-06,0
-2.81394e-05,-6.86162e-07,-6.44396e-06,-3.97513e-05,1.33462e-05,-1.33751e-05,8.58194e-06,5.57646e-06,0
-2.95788e-05,-2.25037e-06,-1.05007e-05,-3.71637e-05,1.65041e-05,-1.31885e-05,1.01096e-05,4.9595e-06,0
-2.94922e-05,-2.21998e-06,-1.40577e-05,-2.70073e-05,1.90429e-05,-1.3332e-05,1.27387e-05,5.0612e-06,0
-2.84994e-05,-3.01213e-06,-1.49674e-05,-1.50154e-05,2.07561e-05,-1.37162e-05,1.44691e-05,4.96419e-06,0
-2.92291e-05,-5.51999e-06,-1.36931e-05,-7.00428e-06,2.05322e-05,-1.38465e-05,1.57353e-05,3.35963e-06,0
-3.15248e-05,-7.78271e-06,-1.16367e-05,-5.38394e-06,1.72759e-05,-1.37703e-05,1.85034e-05,3.47439e-07,0
-3.22613e-05,-9.46457e-06,-1.04229e-05,-8.7062e-06,1.29362e-05,-1.37827e-05,2.28641e-05,-8.03442e-07,0
-3.09151e-05,-1.08429e-05,-1.08105e-05,-1.22054e-05,1.04018e-05,-1.45859e-05,2.57926e-05,5.86526e-07,0
-2.96754e-05,-1.10662e-05,-1.0027e-05,-1.12022e-05,1.02134e-05,-1.49883e-05,2.74435e-05,2.24342e-07,0
-3.00154e-05,-1.14952e-05,-3.60177e-06,-7.16776e-06,1.10634e-05,-1.49057e-05,3.22478e-05,-1.76969e-06,0
-3.07451e-05,-1.17445e-05,9.52614e-06,-4.04981e-06,1.20769e-05,-1.38392e-05,3.87826e-05,-3.17678e-06,0
-3.08925e-05,-9.32762e-06,2.62633e-05,-9.25777e-07,1.37343e-05,-1.23096e-05,4.31468e-05,-4.52291e-06,0
-2.95417e-05,-3.49628e-06,4.37209e-05,3.39939e-06,1.5278e-05,-1.22026e-05,4.41781e-05,-5.73036e-06,0
-2.79809e-05,2.74766e-06,5.86639e-05,6.96902e-06,1.5005e-05,-1.29807e-05,4.17733e-05,-5.71829e-06,0
-2.72758e-05,4.47318e-06,6.14685e-05,6.88989e-06,1.2378e-05,-1.5284e-05,3.84328e-05,-6.18629e-06,0
-2.63587e-05,4.23098e-06,4.63346e-05,5.91998e-06,8.45905e-06,-1.7977e-05,3.48859e-05,-7.29927e-06,0
-2.56584e-05,4.83542e-06,1.65503e-05,6.8976e-06,5.63616e-06,-1.76393e-05,2.85173e-05,-6.62609e-06,0
-2.43996e-05,4.95633e-06,-2.12537e-05,7.88677e-06,6.0411e-06,-1.52557e-05,1.61628e-05,-5.38069e-06,0
-2.48147e-05,6.29707e-06,-5.29165e-05,7.75627e-06,1.02229e-05,-1.26878e-05,6.90513e-07,-4.71322e-06,0
-2.5932e-05,8.50348e-06,-7.01916e-05,4.91578e-06,1.30741e-05,-1.08342e-05,-1.16545e-05,-5.08277e-06,0
-2.58546e-05,9.70486e-06,-7.24143e-05,1.28128e-06,1.27504e-05,-1.00885e-05,-1.79524e-05,-5.28123e-06,0
-2.59667e-05,1.0566e-05,-6.35193e-05,-1.41895e-06,1.00946e-05,-1.04624e-05,-1.83455e-05,-5.69519e-06,0
-2.68417e-05,1.2691e-05,-4.95967e-05,-5.06314e-06,6.21169e-06,-1.13361e-05,-1.60863e-05,-5.32156e-06,0
-2.72234e-05,1.45071e-05,-3.65247e-05,-8.96724e-06,2.9693e-06,-1.20783e-05,-1.33449e-05,-4.40631e-06,0
-2.65761e-05,1.34579e-05,-2.87017e-05,-1.11386e-05,5.45878e-07,-1.27871e-05,-1.04257e-05,-3.38393e-06,0
-2.59844e-05,1.12924e-05,-2.25231e-05,-1.23775e-05,-1.28198e-06,-1.29053e-05,-6.75101e-06,-3.27159e-06,0
-2.55839e-05,1.17165e-05,-1.49192e-05,-1.32171e-05,-3.54774e-06,-1.2934e-05,-1.23945e-06,-4.96803e-06,0
-2.62623e-05,1.47375e-05,-7.63524e-06,-1.5017e-05,-4.87305e-06,-1.25933e-05,5.1602e-06,-6.62871e-06,0
-2.84456e-05,1.76e-05,-3.53861e-06,-1.89899e-05,-4.90026e-06,-1.19201e-05,7.46007e-06,-7.63739e-06,0
-3.11555e-05,1.80777e-05,-2.14518e-06,-2.25196e-05,-4.17795e-06,-1.12565e-05,1.86457e-06,-7.91005e-06,0
-3.26657e-05,1.67271e-05,-2.25612e-06,-2.34085e-05,-2.77992e-06,-1.0714e-05,-6.71408e-06,-6.75812e-06,0
-3.29838e-05,1.60374e-05,-3.361e-06,-2.14956e-05,1.00451e-06,-1.06338e-05,-9.17645e-06,-3.98118e-06,0
-3.26687e-05,1.60913e-05,-5.23207e-06,-1.69871e-05,8.40852e-06,-1.0048e-05,-3.22911e-06,-1.9649e-06,0
-3.21945e-05,1.54808e-05,-7.09297e-06,-1.03497e-05,1.77843e-05,-9.46387e-06,8.14338e-06,-6.89087e-07,0
-3.12059e-05,1.45727e-05,-7.78309e-06,-3.90317e-06,2.54072e-05,-9.01377e-06,2.18472e-05,8.97871e-08,0
-2.97423e-05,1.42807e-05,-6.14596e-06,-3.9688e-08,3.07366e-05,-7.87446e-06,3.453e-05,8.46496e-07,0
-2.8338e-05,1.4134e-05,-3.97724e-06,-1.34603e-07,3.33038e-05,-7.80097e-06,4.31247e-05,1.45309e-06,0
-2.71826e-05,1.34073e-05,-4.26369e-06,-3.76212e-06,3.23491e-05,-8.10228e-06,4.71655e-05,3.40486e-06,0
-2.65253e-05,1.31419e-05,-4.50988e-06,-8.43255e-06,2.77108e-05,-6.36014e-06,4.71258e-05,5.72013e-06,0
-2.77014e-05,1.33526e-05,-3.2094e-06,-8.97696e-06,2.17137e-05,-4.60046e-06,4.43648e-05,6.88959e-06,0
-3.18486e-05,1.37366e-05,-2.32304e-06,-6.19776e-06,1.81217e-05,-4.61117e-06,3.94301e-05,7.86066e-06,0
-3.3888e-05,1.4345e-05,-3.02766e-06,-3.51554e-06,1.60829e-05,-4.37705e-06,3.50832e-05,8.30857e-06,0
-3.16752e-05,1.44543e-05,-3.28969e-06,-2.13093e-06,1.41248e-05,-4.0705e-06,3.25931e-05,9.07241e-06,0
-3.00603e-05,1.50519e-05,-3.83755e-06,-9.1926e-07,1.18926e-05,-4.53654e-06,3.01284e-05,9.78575e-06,0
-3.06962e-05,1.46407e-05,-6.35042e-06,-9.76136e-08,9.33042e-06,-5.89381e-06,2.67155e-05,9.6903e-06,0
-3.16066e-05,1.25758e-05,-9.09019e-06,-1.38878e-06,6.67028e-06,-7.65826e-06,2.19384e-05,9.40749e-06,0
-3.13821e-05,1.02064e-05,-9.8189e-06,-4.35047e-06,4.31108e-06,-6.98942e-06,1.62362e-05,8.35928e-06,0
-3.10929e-05,9.11553e-06,-7.92642e-06,-7.66896e-06,9.44428e-07,-6.17048e-06,9.00954e-06,6.46661e-06,0
-3.12601e-05,9.38394e-06,-5.83033e-06,-8.2611e-06,-1.75984e-06,-5.78956e-06,3.58971e-06,5.09823e-06,0
-3.12957e-05,1.03977e-05,-4.35424e-06,-6.67027e-06,-3.10858e-06,-5.11251e-06,1.4186e-06,3.38154e-06,0
-3.09616e-05,1.21509e-05,-3.84504e-06,-3.22708e-06,-4.96696e-07,-4.38297e-06,1.53184e-06,1.36415e-06,0
-3.05371e-05,1.40895e-05,-4.20175e-06,-8.76834e-07,6.27344e-06,-3.8036e-06,1.86494e-06,-1.13472e-08,0
-3.03184e-05,1.49561e-05,-4.52201e-06,-1.54505e-06,1.17048e-05,-4.97314e-06,2.12459e-06,-5.59169e-07,0
-3.04108e-05,1.54115e-05,-3.90699e-06,-2.34442e-06,1.0924e-05,-6.45107e-06,2.26423e-06,-1.68818e-06,0
-3.12512e-05,1.67177e-05,-2.30162e-06,-2.74094e-06,6.66415e-06,-5.86017e-06,1.03356e-06,-3.03222e-06,0
-3.2139e-05,1.76933e-05,-1.76592e-06,-4.67731e-06,4.70535e-06,-4.53856e-06,2.70714e-07,-3.17502e-06,0
-3.2363e-05,1.77728e-05,-3.87059e-06,-7.53474e-06,3.97307e-06,-5.91859e-06,1.84884e-06,-3.04183e-06,0
-3.26705e-05,1.68841e-05,-7.54939e-06,-8.65884e-06,2.5942e-06,-8.00261e-06,3.91695e-06,-3.56486e-06,0
-3.43377e-05,1.55752e-05,-1.08739e-05,-7.64045e-06,1.90641e-06,-8.40918e-06,2.80723e-06,-3.9101e-06,0
-3.63792e-05,1.37137e-05,-1.36026e-05,-6.22637e-06,4.75534e-06,-7.63116e-06,7.27945e-07,-3.03003e-06,0
-3.71661e-05,1.18179e-05,-1.54349e-05,-5.24544e-06,8.54791e-06,-6.29728e-06,1.18725e-06,-2.37986e-06,0
-3.68021e-05,1.12456e-05,-1.49042e-05,-4.44524e-06,1.01879e-05,-4.68637e-06,3.19781e-06,-2.85866e-06,0
-3.65709e-05,1.17898e-05,-1.16525e-05,-2.76885e-06,9.55326e-06,-5.77947e-06,4.0809e-06,-2.55355e-06,0
-3.56841e-05,1.17266e-05,-9.32796e-06,-7.01535e-07,7.24688e-06,-1.05636e-05,5.42676e-06,-1.17845e-06,0
-3.3865e-05,1.06846e-05,-1.04235e-05,-1.45788e-06,4.1577e-06,-1.42939e-05,8.43178e-06,-1.30581e-06,0
-3.21702e-05,9.62193e-06,-1.16927e-05,-2.99721e-06,4.23326e-06,-1.45223e-05,1.05458e-05,-1.10885e-06,0
-3.10761e-05,1.04089e-05,-8.52718e-06,-1.70268e-06,6.70581e-06,-1.39158e-05,1.08988e-05,5.62019e-07,0
-3.21246e-05,1.23557e-05,-2.59012e-06,9.92144e-07,8.66335e-06,-1.5175e-05,1.15997e-05,9.00035e-07,0
-3.30069e-05,1.48742e-05,1.21386e-06,2.90829e-06,1.13214e-05,-1.71024e-05,1.2004e-05,-1.18618e-06,0
-3.267e-05,1.66446e-05,2.25661e-06,2.06947e-06,1.35069e-05,-1.5603e-05,1.13347e-05,-2.99059e-06,0
-3.30291e-05,1.69033e-05,9.03225e-07,-1.96379e-06,1.32186e-05,-1.28756e-05,1.08592e-05,-3.07709e-06,0
-3.27162e-05,1.7212e-05,-1.87382e-06,-5.31321e-06,9.75154e-06,-1.2379e-05,1.10529e-05,-2.78601e-06,0
-3.26189e-05,1.59597e-05,-4.85099e-06,-4.92711e-06,5.01564e-06,-1.06466e-05,1.11034e-05,-2.41113e-06,0
-3.17309e-05,1.28664e-05,-7.98942e-06,-9.84201e-07,2.34588e-06,-7.81885e-06,1.11383e-05,-1.74047e-06,0
-2.94565e-05,1.09106e-05,-8.96953e-06,2.1992e-06,3.27034e-06,-6.18758e-06,1.18231e-05,1.84571e-07,0
-2.90826e-05,1.08019e-05,-7.3882e-06,3.7952e-06,6.44873e-06,-7.03131e-06,1.16784e-05,2.30756e-06,0
-3.06853e-05,1.07128e-05,-5.85553e-06,4.43822e-06,8.69888e-06,-9.35683e-06,1.34174e-05,4.9955e-06,0
-3.25578e-05,1.02334e-05,-5.98307e-06,4.21072e-06,9.30032e-06,-1.02472e-05,1.79846e-05,7.03706e-06,0
-3.41168e-05,9.47569e-06,-7.69162e-06,3.84714e-06,9.25916e-06,-9.1645e-06,2.14183e-05,6.97439e-06,0
-3.48053e-05,8.99738e-06,-9.30437e-06,3.5251e-06,9.26757e-06,-8.05911e-06,2.19964e-05,5.53714e-06,0
-3.36818e-05,8.95688e-06,-9.28372e-06,3.0595e-06,9.65902e-06,-8.25462e-06,2.14657e-05,4.88881e-06,0
-3.24976e-05,9.66364e-06,-9.02733e-06,-4.04643e-07,8.92675e-06,-8.90534e-06,2.08662e-05,5.95186e-06,0
-3.19337e-05,1.0773e-05,-9.53461e-06,-5.71703e-06,6.44982e-06,-1.02696e-05,2.01477e-05,6.85246e-06,0
-3.10106e-05,1.10362e-05,-1.08693e-05,-9.70344e-06,3.2766e-06,-1.32548e-05,2.05928e-05,6.85387e-06,0
-2.91898e-05,1.07487e-05,-1.36642e-05,-9.47871e-06,8.56553e-07,-1.59478e-05,2.54865e-05,7.25235e-06,0
-2.82168e-05,1.17117e-05,-1.7417e-05,-5.90694e-06,-1.32968e-06,-1.60688e-05,3.44338e-05,8.78401e-06,0
-2.92198e-05,1.41783e-05,-2.1166e-05,-1.98776e-06,-3.30793e-06,-1.57049e-05,4.36964e-05,1.02476e-05,0
-3.13809e-05,1.67217e-05,-2.33142e-05,4.71582e-07,-4.53425e-06,-1.74233e-05,5.08092e-05,1.16387e-05,0
-3.30043e-05,1.79149e-05,-2.26544e-05,1.08482e-06,-4.95208e-06,-1.99317e-05,5.2891e-05,1.12938e-05,0
-3.16812e-05,1.83617e-05,-1.95207e-05,-9.78689e-07,-5.24719e-06,-2.04006e-05,4.92127e-05,9.47812e-06,0
-2.97106e-05,1.84998e-05,-1.70743e-05,-4.90847e-06,-5.63582e-06,-1.85504e-05,4.15155e-05,7.90311e-06,0
-2.93497e-05,1.92513e-05,-1.69375e-05,-9.81789e-06,-3.92279e-06,-1.62252e-05,3.21744e-05,7.28588e-06,0
-2.91483e-05,2.09742e-05,-1.63515e-05,-1.58441e-05,1.4471e-06,-1.40827e-05,1.89294e-05,6.36051e-06,0
-2.98384e-05,2.21824e-05,-1.41409e-05,-1.84205e-05,8.27198e-06,-1.27675e-05,5.16066e-07,5.79061e-06,0
-3.08973e-05,2.20244e-05,-1.2393e-05,-1.68351e-05,1.47309e-05,-1.3155e-05,-1.90027e-05,7.58179e-06,0
-2.99522e-05,2.44259e-05,-1.03001e-05,-1.64352e-05,2.23308e-05,-1.24255e-05,-3.25757e-05,8.13523e-06,0
-2.85458e-05,3.10051e-05,-8.14934e-06,-2.04363e-05,3.03465e-05,-9.57733e-06,-3.67499e-05,7.19013e-06,0
-2.80755e-05,3.54683e-05,-7.58403e-06,-2.74329e-05,3.50237e-05,-6.19779e-06,-3.27446e-05,8.25204e-06,0
-2.78003e-05,3.60652e-05,-6.51641e-06,-3.28812e-05,3.44511e-05,-2.90197e-06,-2.36171e-05,9.48411e-06,0
-2.81044e-05,3.44767e-05,-4.21537e-06,-3.34579e-05,3.07041e-05,-1.73251e-06,-1.64214e-05,9.42336e-06,0
-2.7922e-05,3.4039e-05,-3.00182e-06,-3.03589e-05,2.65852e-05,-3.42959e-06,-1.28959e-05,7.69043e-06,0
-2.62844e-05,3.35096e-05,-3.99724e-06,-2.29856e-05,2.46221e-05,-5.23056e-06,-1.10207e-05,5.01949e-06,0
-2.5953e-05,2.91073e-05,-6.61517e-06,-1.00938e-05,2.4081e-05,-4.72232e-06,-8.02782e-06,4.45083e-06,0
-2.68642e-05,2.03814e-05,-7.79901e-06,3.57603e-06,2.1961e-05,-3.70616e-06,-4.41684e-06,5.58498e-06,0
-2.78831e-05,1.15044e-05,-6.26232e-06,1.37071e-05,1.86732e-05,-3.27129e-06,-1.62331e-06,4.82854e-06,0
-2.98475e-05,6.91029e-06,-4.72626e-06,2.08632e-05,1.66943e-05,-3.09898e-06,5.2161e-07,2.09418e-06,0
-3.17074e-05,7.05598e-06,-3.87236e-06,2.46429e-05,1.60608e-05,-3.25856e-06,2.77269e-06,-3.18319e-07,0
-3.16994e-05,1.00141e-05,-3.11465e-06,2.29752e-05,1.59835e-05,-3.79651e-06,2.76909e-06,-1.85797e-06,0
-3.16891e-05,1.23027e-05,-2.65044e-06,1.76021e-05,1.73996e-05,-3.80696e-06,-6.45766e-06,-2.08795e-06,0
-3.33357e-05,1.28271e-05,-3.63159e-06,1.23479e-05,1.98545e-05,-2.72075e-06,-2.20816e-05,-1.26583e-06,0
-3.52804e-05,1.16928e-05,-5.63427e-06,8.13071e-06,2.12945e-05,-2.4405e-06,-2.98822e-05,-1.48323e-07,0
-3.56441e-05,1.04595e-05,-6.65097e-06,3.68877e-06,2.06269e-05,-4.06666e-06,-2.16109e-05,7.43131e-07,0
-3.42649e-05,9.14351e-06,-5.39404e-06,-9.70034e-07,1.87326e-05,-6.35192e-06,-6.6325e-06,8.29352e-07,0
-3.19895e-05,6.87451e-06,-3.68112e-06,-4.50727e-06,1.76586e-05,-8.43262e-06,1.01727e-06,9.47216e-07,0
-3.00437e-05,5.21052e-06,-3.57861e-06,-6.25017e-06,1.76747e-05,-9.83795e-06,5.5027e-07,2.51873e-06,0
-2.97483e-05,6.53838e-06,-5.04272e-06,-7.11562e-06,1.71059e-05,-1.00717e-05,4.01274e-06,2.84275e-06,0
-2.98463e-05,8.31582e-06,-8.15106e-06,-1.04736e-05,1.60452e-05,-9.60149e-06,1.58845e-05,9.33001e-07,0
-2.87107e-05,9.49681e-06,-1.16239e-05,-1.66042e-05,1.57853e-05,-9.10084e-06,3.0556e-05,-7.54863e-07,0
-2.62805e-05,1.184e-05,-1.37544e-05,-1.88311e-05,1.55185e-05,-9.49875e-06,4.31645e-05,-8.09336e-07,0
-2.47305e-05,1.30435e-05,-1.48656e-05,-1.40634e-05,1.61437e-05,-9.4211e-06,5.30974e-05,-1.36113e-06,0
-2.49247e-05,1.26882e-05,-1.51487e-05,-1.02346e-05,1.83224e-05,-8.63404e-06,5.92736e-05,-4.01024e-06,0
-2.61716e-05,1.53979e-05,-1.41145e-05,-1.03772e-05,1.81754e-05,-7.82053e-06,6.2298e-05,-7.38135e-06,0
-2.70237e-05,2.00791e-05,-1.18119e-05,-9.24726e-06,1.64648e-05,-8.2961e-06,6.37799e-05,-9.04965e-06,0
-2.70013e-05,2.29489e-05,-9.66562e-06,-4.62004e-06,1.59464e-05,-1.07674e-05,6.31107e-05,-7.1288e-06,0
-2.63105e-05,2.34486e-05,-9.21099e-06,7.27826e-07,1.48712e-05,-1.36207e-05,5.99536e-05,-3.71201e-06,0
-2.5778e-05,2.23007e-05,-8.33496e-06,3.38931e-06,1.30929e-05,-1.46885e-05,5.10753e-05,-1.33658e-06,0
-2.64816e-05,2.10467e-05,-6.94977e-06,4.14007e-06,1.22782e-05,-1.35971e-05,3.96167e-05,-2.03944e-07,0
-2.69188e-05,1.92898e-05,-7.37311e-06,3.0141e-06,1.17418e-05,-1.26998e-05,3.32398e-05,1.30944e-08,0
-2.72314e-05,1.69279e-05,-8.89635e-06,-4.12355e-07,1.05434e-05,-1.31947e-05,3.26738e-05,2.90832e-07,0
-2.83431e-05,1.43031e-05,-1.00148e-05,-5.54642e-06,8.09577e-06,-1.37745e-05,3.31241e-05,1.12414e-06,0
-2.94633e-05,1.24813e-05,-1.05911e-05,-8.96399e-06,5.69063e-06,-1.351e-05,3.26564e-05,1.16029e-06,0
-2.95206e-05,1.10435e-05,-1.1715e-05,-7.86646e-06,5.39166e-06,-1.36545e-05,3.04256e-05,6.33186e-07,0
-2.92912e-05,9.23746e-06,-1.20343e-05,-6.10725e-06,7.42622e-06,-1.34789e-05,2.48689e-05,1.00481e-06,0
-2.92106e-05,8.52347e-06,-9.27581e-06,-6.95151e-06,1.00869e-05,-1.41264e-05,1.77151e-05,1.36219e-06,0
-2.8842e-05,9.538e-06,-5.01108e-06,-8.35692e-06,1.12155e-05,-1.4796e-05,1.21901e-05,1.78477e-07,0
-2.83897e-05,1.03196e-05,-2.87209e-06,-9.22342e-06,1.10107e-05,-1.40725e-05,1.0526e-05,-1.66757e-06,0
-2.89496e-05,9.77483e-06,-3.87333e-06,-1.12852e-05,1.14772e-05,-1.30615e-05,1.1485e-05,-2.63702e-06,0
-3.07864e-05,8.25984e-06,-5.94262e-06,-1.31884e-05,1.42868e-05,-1.22351e-05,1.30508e-05,-2.84106e-06,0
-3.24079e-05,6.44823e-06,-6.59641e-06,-1.17493e-05,1.81489e-05,-1.09455e-05,1.41112e-05,-2.91584e-06,0
-3.25119e-05,4.51968e-06,-5.8471e-06,-5.91822e-06,2.38782e-05,-8.12771e-06,1.28731e-05,-2.68105e-06,0
-3.07801e-05,1.82867e-06,-4.4415e-06,2.75305e-06,3.34935e-05,-4.32114e-06,7.61705e-06,-1.66863e-06,0
-2.74555e-05,-1.32703e-06,-2.33182e-06,1.07923e-05,4.28242e-05,-1.5836e-06,1.04319e-06,-9.70435e-07,0
-2.51318e-05,-3.42138e-06,-6.93901e-07,1.3726e-05,4.45674e-05,-1.6957e-06,-2.27973e-06,-2.14105e-06,0
-2.58045e-05,-3.919e-06,-1.00033e-06,1.25621e-05,3.76001e-05,-3.25519e-06,-2.53213e-06,-3.55115e-06,0
-2.6965e-05,-2.24113e-06,-2.91993e-06,1.26134e-05,2.77747e-05,-6.38637e-06,-1.96772e-06,-4.0474e-06,0
-2.73602e-05,1.46004e-06,-4.33975e-06,1.36534e-05,2.13314e-05,-1.00547e-05,-4.077e-07,-4.38096e-06,0
-2.71239e-05,3.58095e-06,-3.76735e-06,1.33464e-05,1.80425e-05,-9.88323e-06,3.09416e-06,-4.88699e-06,0
-2.79812e-05,3.78205e-06,-1.55117e-06,1.2596e-05,1.55054e-05,-4.85627e-06,7.14134e-06,-5.89482e-06,0
-2.94705e-05,4.19189e-06,1.97114e-07,9.84682e-06,1.19477e-05,-3.8217e-07,1.03439e-05,-6.29789e-06,0
-3.0518e-05,5.78481e-06,3.11217e-07,2.16251e-06,7.16574e-06,-1.25137e-07,9.97387e-06,-5.61588e-06,0
-3.21e-05,8.11639e-06,-6.94129e-07,-5.2385e-06,2.17576e-06,-1.12998e-06,1.05437e-05,-5.75205e-06,0
-3.22649e-05,8.34322e-06,-1.60502e-07,-1.37411e-06,-1.05822e-06,-2.00398e-06,1.61749e-05,-7.16545e-06,0
-3.14686e-05,8.25588e-06,3.12053e-06,9.28382e-06,-1.1845e-06,-3.30823e-06,2.13064e-05,-8.14413e-06,0
-3.13046e-05,9.93166e-06,6.13537e-06,7.86617e-06,-1.96514e-06,-3.75702e-06,2.40367e-05,-7.30408e-06,0
-3.06569e-05,1.30239e-05,5.98311e-06,-1.07514e-05,-3.51236e-06,-4.08745e-06,2.52681e-05,-5.72215e-06,0
-2.95278e-05,1.68901e-05,5.93955e-06,-3.17139e-05,-3.25969e-06,-4.01492e-06,2.63524e-05,-5.46131e-06,0
-2.88014e-05,1.95429e-05,8.53895e-06,-4.1531e-05,-5.5598e-07,-3.33499e-06,2.63249e-05,-5.96319e-06,0
-2.88967e-05,2.07966e-05,1.12391e-05,-4.50626e-05,4.21479e-06,-2.93023e-06,2.37705e-05,-5.74001e-06,0
-2.87024e-05,2.12378e-05,1.1781e-05,-4.79495e-05,9.95121e-06,-2.66851e-06,1.86236e-05,-5.79647e-06,0
-2.78519e-05,2.11607e-05,7.53949e-06,-4.96883e-05,1.2466e-05,-3.25459e-06,1.21139e-05,-6.54617e-06,0
-2.67662e-05,2.06654e-05,-1.21091e-06,-4.77407e-05,1.09217e-05,-4.71782e-06,5.5149e-06,-7.12028e-06,0
-2.54341e-05,2.03217e-05,-9.78705e-06,-3.98771e-05,1.08531e-05,-5.54208e-06,-3.55498e-07,-6.80128e-06,0
-2.46391e-05,2.06266e-05,-1.36073e-05,-2.52206e-05,1.54422e-05,-5.53121e-06,-4.73429e-06,-5.81694e-06,0
-2.52112e-05,2.12006e-05,-1.3867e-05,-5.93211e-06,2.09799e-05,-5.91461e-06,-7.6906e-06,-4.37908e-06,0
-2.68559e-05,2.09834e-05,-1.42233e-05,1.06567e-05,2.28359e-05,-6.99651e-06,-8.62461e-06,-1.74753e-06,0
-2.74787e-05,1.95497e-05,-1.55817e-05,1.83084e-05,2.10877e-05,-7.92603e-06,-7.28831e-06,8.51168e-07,0
-2.72139e-05,1.72941e-05,-1.82282e-05,1.67918e-05,1.77421e-05,-7.71795e-06,-3.87275e-06,1.35503e-06,0
-2.76892e-05,1.56841e-05,-2.21031e-05,1.05615e-05,1.43941e-05,-7.85736e-06,-2.99653e-07,3.61204e-07,0
-2.876e-05,1.48191e-05,-2.42763e-05,2.02159e-06,1.16729e-05,-9.0768e-06,2.23678e-06,-2.61107e-07,0
-3.00987e-05,1.42175e-05,-2.33676e-05,-4.77623e-06,9.70907e-06,-1.05552e-05,5.37921e-06,-1.67666e-06,0
-3.22221e-05,1.24716e-05,-2.12245e-05,-7.14564e-06,6.58499e-06,-1.24211e-05,1.07814e-05,-2.43915e-06,0
-3.27706e-05,9.0663e-06,-1.95731e-05,-6.26275e-06,2.9202e-06,-1.44217e-05,1.49529e-05,2.61608e-08,0
-3.19983e-05,5.95328e-06,-1.87444e-05,-3.63532e-06,1.3603e-06,-1.41244e-05,1.5347e-05,1.83662e-06,0
-3.28592e-05,3.88073e-06,-2.02396e-05,4.02347e-07,1.52415e-06,-1.11379e-05,1.47213e-05,1.23543e-06,0
-3.27868e-05,2.79751e-06,-2.27531e-05,2.5328e-06,2.09598e-06,-8.64132e-06,1.43606e-05,1.12403e-06,0
-3.30681e-05,1.50549e-06,-2.3986e-05,8.62984e-07,2.2506e-06,-8.76474e-06,1.17357e-05,1.76409e-06,0
-3.51118e-05,1.34027e-06,-2.35233e-05,-3.07072e-07,1.73419e-06,-8.34589e-06,6.11212e-06,1.64769e-06,0
-3.39077e-05,5.31192e-06,-2.05151e-05,2.99618e-06,1.30828e-07,-8.74114e-06,7.72046e-07,2.7699e-07,0
-3.06945e-05,1.02778e-05,-1.78187e-05,7.42716e-06,-2.38115e-06,-1.17218e-05,-1.23538e-07,-7.22939e-07,0
-2.87318e-05,1.30755e-05,-1.69329e-05,1.09428e-05,-2.96278e-06,-1.37528e-05,1.31535e-06,1.02432e-06,0
